"Zac Brown Band","Chicken Fried",PHMC0809,6,PHMC0809,PH,1," 2/27/13"
"Zac Brown Band","I Play The Road",PHMC1204,6,PHMC1204,PH,1," 2/27/13"
"Zach Heckendorf","All The Right Places",PHMP1206,5,PHMP1206,PH,1," 2/27/13"
"Zack Brown Band",Toes,PHMC0910,5,PHMC0910,PH,1," 2/27/13"
"Zack Brown Band","Whatever It Is",PHMC0905,3,PHMC0905,PH,1," 2/27/13"
"Zager & Evans","In The Year 2525",CBEP472-6,14,CBEP472-6,CB,1," 2/27/13"
"Zager & Evans","In The Year 2525 (Exordium & Terminus)",SGB049,15,SGB049,SG,1," 2/27/13"
"Zappa, Frank","Dinah-Moe Humm",SC8169,13,SC8169,SC,1," 2/27/13"
"Zappa, Frank & Moon Unit","Valley Girl",SC7563,12,SC7563,SC,1," 2/27/13"
"Zellweger, Ren‚e",Roxie,SC3373,4,SC3373,SC,1," 2/27/13"
"Zellweger, Ren‚E",Roxie,SC8834,4,SC8834,SC,1," 2/27/13"
"Zellweger, Ren‚E & Catherine Zeta-Jones","I Move On",SC8827,6,SC8827,SC,1," 2/27/13"
"Zephyr Song","Red Hot Chili Peppers",TU159,19,TU159,TU,1," 2/27/13"
"Zeta-Jones, Catherine","All That Jazz, And",SC3362,3,SC3362,SC,1," 2/27/13"
"Zevon, Warren","Excitable Boy",SC8856,13,SC8856,SC,1," 2/27/13"
"Zevon, Warren","Keep Me In Your Heart",SC8874,2,SC8874,SC,1," 2/27/13"
"Zevon, Warren","Lawyers Guns And Money",SC8856,9,SC8856,SC,1," 2/27/13"
"Zevon, Warren","Werewolves Of London",SC8550,14,SC8550,SC,1," 2/27/13"
Zhane,"Hey Mr D J",SC8279,10,SC8279,SC,1," 2/27/13"
Zoe,"Sunshine On A Rainy Day",SF036,7,SF036,SF,1," 2/27/13"
"Zombie, Rob",Dragula,SC7585,11,SC7585,SC,1," 2/27/13"
"Zombie, Rob","Never Gonna Stop (Red, Red Kroovy)",SC8758,8,SC8758,SC,1," 2/27/13"
"Zombie, Rob wvocal",Dragula,SC2221,14,SC2221,SC,1," 2/27/13"
"Zombies, The","She's Not There",SC8513,6,SC8513,SC,1," 2/27/13"
"Zombies, The","Tell Her No",SC8615,11,SC8615,SC,1," 2/27/13"
"Zombies, The","Time Of The Season",PI001,10,PI001,PI,1," 2/27/13"
"Zoot Suit Riot","Cherry Poppin' Daddies",AMS1509,1,AMS1509,AM,1," 2/27/13"
Zwan,Honestly,THMR0303,11,THMR0303,TH,1," 2/27/13"
"Zz Top","Beer Drinkers & Hell Raisers",AH8009,2,AH8009,AH,1," 2/27/13"
"Zz Top","Beer Drinkers And Hell Raisers",SGB16,7,SGB16,SG,1," 2/27/13"
"Zz Top","Blue Jean Blues",AH8017,16,AH8017,AH,1," 2/27/13"
"Zz Top","Cheap Sunglasses",SC8297,2,SC8297,SC,1," 2/27/13"
"Zz Top","Gimme All Your Lovin'",SC7535,13,SC7535,SC,1," 2/27/13"
"ZZ Top","Gimme All Your Lovin'",SF016,13,SF016,SF,1," 2/27/13"
"Zz Top","I Thank You",SC8430,5,SC8430,SC,1," 2/27/13"
"Zz Top","I'm Bad I'm Nationwide",SGB16,4,SGB16,SG,1," 2/27/13"
"Zz Top","La Grange",SC7559,13,SC7559,SC,1," 2/27/13"
"Zz Top",Legs,SC8273,12,SC8273,SC,1," 2/27/13"
"Zz Top","Mexican Blackbird",SGB04,2,SGB04,SG,1," 2/27/13"
"Zz Top","Rough Boy",SC7563,11,SC7563,SC,1," 2/27/13"
"Zz Top","Sharp Dressed Man",SF168,13,SF168,SF,1," 2/27/13"
"Zz Top",Tush,SC8449,13,SC8449,SC,1," 2/27/13"
"Zz Top","What's Up With That",SC8325,2,SC8325,SC,1," 2/27/13"
"ZZ Ward","Til The Casket Drops",PHMP1301,9,PHMP1301,PH,1," 2/27/13"
